INSERT INTO CLIENT VALUES 
 (78824156430768,'Vitae Incorporated','Beatrice Fabre','14 Rue Roussy','05 14 56 76 79','beatricefabre9761@protonmail.com','54000','Nancy'),
 (34684860916633,'Molestie Sed Institute','Richard Peerenboom','99 boulevard d''Alsace','08 25 40 07 34','richardpeerenboom@google.com','60000','Beauvais'),
 (50793026996044,'Donec At PC','Jasper Holt','45 rue du Clair Bocage','07 27 78 89 23','jasperholt@google.com','64200','Biarritz'),
 (34995114965389,'Ornare In Corp.','Rajah Tremble','70 Rue du Palais','05 29 87 15 35','rajahtremble@aol.com','39100','Dole'),
 (44008583531294,'Erat Sed Nunc Corporation','Barbara Lemaire','21 rue des Soeurs','05 07 47 66 38','barbaralemaire9254@google.com','25300','Pontarlier'),
 (74348584015349,'Diam Proin Limited','Fredericka Klein','97 rue du Fossé des Tanneurs','02 64 67 04 24','frederickaklein5323@aol.com','87000','Limoges'),
 (41360619453004,'Duis Sit Amet LLP','Scarlet Heeren','94 Place Charles de Gaulle','06 97 33 89 35','scarletheeren7812@google.com','62400','Béthune'),
 (12248324892868,'Malesuada Fames Company','Quintessa Brisbois','81 Rue du Limas','05 77 34 65 31','quintessabrisbois8892@hotmail.com','87000','Limoges'),
 (94299109644002,'Dolor Inc.','Melyssa Fabre','84 rue du Château','01 21 86 62 64','melyssafabre7843@yahoo.com','92040','Issy-les-Moulineaux'),
 (20105160626998,'Interdum Corporation','Stella Brisbois','59 Rue Hubert de Lisle','07 42 63 85 16','stellabrisbois3210@icloud.com','81000','Albi'),
 (54816316726678,'In Consulting','Lars Aarden','44 rue Ernest Renan','03 78 90 17 34','larsaarden@outlook.com','83400','Hyères'),
 (46452349000446,'Donec Tempor Consulting','Benjamin Adrichem','72 rue Léon Dierx','04 88 66 44 11','benjaminadrichem9552@yahoo.com','66000','Perpignan'),
 (29154564608903,'Vitae Odio Foundation','Colette Offermans','18 Rue Frédéric Chopin','08 12 14 08 52','coletteoffermans@hotmail.com','92600','Asnières-sur-Seine'),
 (52919383695720,'A Inc.','Sylvia Holt','56 boulevard Albin Durand','03 81 09 64 62','sylviaholt7788@outlook.com','34400','Lunel'),
 (26415004891403,'Imperdiet Non Corporation','Galvin Roggeveen','93 Rue Marie De Médicis','03 84 20 97 33','galvinroggeveen@icloud.com','76310','Le Havre'),
 (38801692909852,'Dapibus Associates','Freya Van Der Aart','20 avenue Ferdinand de Lesseps','04 31 91 46 66','freyavanderaart8795@icloud.com','22000','Saint-Brieuc');

INSERT INTO FOURNISSEUR VALUES 
 (66402138972088,'LEISTER',' 5 L''Ancienne-Route','041 770 18 64','leister-swiss@gmail.com','88248','Genève'),
 (67438891014661,'WELDY','145 Route de Meinier','021 591 94 75','wendy-swiss@gmail.com','26024','Genève');

INSERT INTO CATEGORIE VALUES 
 (1,'kits complets'),
 (2,'chalumeaux air chaud'),
 (3,'automates de soudage'),
 (4,'extrudeuses manuelles'),
 (5,'appareils de controle'),
 (6,'accessoires'),
 (7,'pieces detachees');

INSERT INTO STATUT VALUES 
 (0,'en attente'),
 (1,'en cours de préparation'),
 (2,'annulée'),
 (3,'expédiée'),
 (4,'livrée');

INSERT INTO ARTICLE VALUES 
 (160172,'KIT CHAUDRONNERIE ENERGY HT1600D WELDY',1,67438891014661,355.55,'Le kit de chaudronnerie plastique avec le chalumeau air chaud ENERGY HT1600 D WELDY est votre équipement à air chaud pour le soudage de feuilles plastiques en PE, PP et PVC.',25,40),
 (130698,'KIT UNIVERSEL ENERGY HT3400 WELDY',1,67438891014661,275.23,'KIT UNIVERSEL AVEC ENERGY HT3400 WELDY 230V 3400W',20,35),
 (140467,'KIT REVETEMENT SOL HOTJET S',1,66402138972088,828.76,'KIT revêtement de sol avec chalumeau HOTJET S',17,21),
 (150245,'KIT CAROSSERIE TRIAC AT',1,66402138972088,744.82,'KIT carosserie auto/moto/bateau avec chalumeau TRIAC AT',15,16),
 (170372,'KIT CHAUDRONNERIE TRIAC ST LEISTER',1,66402138972088,573.16,'Kit Chaudronnerie plastique avec chalumeau air chaud TRIAC ST LEISTER',25,30),
 (120882,'KIT BACHE ENERGY HT1600 WELDY',1,67438891014661,252.67,'Le kit pour le soudage par recouvrement avec le chalumeau air chaud ENERGY HT1600 WELDY est votre équipement à air chaud pour le soudage de membranes en PVC et TPO.',20,29),
 (142609,'HOTWIND PREMIUM LEISTER',2,66402138972088,1084.17,'Son moteur sans charbon est garant de la longévité de cette soufflerie à air chaud. Le débit d‘air peut être à nouveau réglé en continu à l‘aide du potentiomètre, jusqu‘à 900 l/min. Le nouveau modèle HOTWIND SYSTEM séduit par sa diversité d‘applications: que ce soit comme appareil avec régulation intégrée ou également à l‘aide d‘une interface système comme appareil pour une intégration dans un circuit de régulation fermé.',25,40),
 (101282,'DIODE S VISSABLE LEISTER',2,66402138972088,511.91,'Des soudures parfaites sont également obtenues avec la DIODE S commandée par bouton rotatif.',20,22),
 (101716,'LABOR S LEISTER',2,66402138972088,628.31,'Permet de souder sans effort dans les endroits difficiles d''accès',20,24),
 (163144,'UNIDRIVE 500 LEISTER (40mm)',2,66402138972088,2847.9,'L’UNIDRIVE 500 LEISTER allie soudage manuel et automatique dans une soudeuse automatique maniable qui ne pèse que 4,5 kg. Grâce à sa technologie de recouvrement, cet appareil convient pour le soudage de tous les revêtements d’étanchéité thermoplastiques tels que le PVC et le TPO.',10,15),
 (160170,'ENERGYT HT1600D WELDY',2,67438891014661,325.58,'L''appareil manuel régulé numériquement',15,21),
 (119056,'WELDY PRO',2,67438891014661,139.03,'Un appareil manuel multifonction',25,32),
 (145590,'ROOFER RW3400 WELDY',3,67438891014661,4205.35,'Soudeuse automatique peu coûteuse WELDY',10,23),
 (125666,'MINI WELDER TEX1 WELDY',3,67438891014661,3454.39,'Soudeuse automatique panne chauffante WELDY',12,25),
 (170562,'COMET 500 LEISTER',3,66402138972088,8994.26,'Machine à souder les bordures chaudes fiable et puissante',10,21),
 (164214,'TWINNY T7 LEISTER',3,67438891014661,11836.42,'Idéal pour le soudage des géomembranes épaisses et fines',15,24),
 (111032,'GROOVER LEISTER FORME RONDE',3,67438891014661,1915.66,'Fraiser sans poussière',15,20),
 (154330,'MINIFLOOR DRIVE UNIT LEISTER',3,67438891014661,1245.09,'Soudeuse automatique à air chaud',13,22),
 (164549,'UNIPLAN 500 LEISTER 30MM',3,67438891014661,4260.38,'Automatique, pratique et sûr ! disponible en 20 30 ou 40 mm',10,21),
 (157862,'ROOFER RW3400 WELDY',3,67438891014661,3496.81,'L''efficacité intelligente',14,19),
 (127215,'WELDPLAST S2 LEISTER ',4,66402138972088,5674.01,'Extrudeuse manuelle GENIE CIVIL - CHAUDRONNERIE PLASTIQUE',5,23),
 (144826,'FUSION 3C LEISTER 4-5MM ',4,66402138972088,3972.61,'Extrudeuse manuelle GENIE CIVIL - CHAUDRONNERIE PLASTIQUE',5,21),
 (139060,'EXAMO 600F USB LEISTER',5,66402138972088,6993.73,'Un contrôle parfait - Les forces de pelage, de traction et de cisaillement sont rapidement contrôlées.',15,32),
 (174048,'POINTE SECHE PLATE CONTROLE SOUDURE',5,66402138972088,20.11,'Pointe sèche de contrôle de soudure',8,24),
 (150720,'TESTEUR AIGUILLE CONIQUE LEISTER',5,66402138972088,233.89,'Testeur à air comprimé avec manomètre aiguille épaisse',8,12),
 (124306,'TESTEUR ETANCHEITE WELDY',5,67438891014661,166.24,'TESTEUR ETANCHEITE WELDY',8,16),
 (153026,'CLOCHE DE CONTROLE DIAM 320MM',5,66402138972088,906.88,'Cloche de contrôle diam 320mm',8,19),
 (161540,'COUPON CUTTER 500 25-50x150MM',5,66402138972088,1610.82,'Coupon Cutter 500',8,11),
 (164048,'ENROULEUR ELECTRIQUE 45M LEISTER',6,66402138972088,417.03,'Rallonge câble électrique 45m 230V',20,43),
 (130612,'BROSSE EN LAITON WELDY',6,67438891014661,18.32,'Brosse de nettoyage laiton',25,38),
 (116331,'ROULEAU PRESSION 40MM WELDY',6,67438891014661,29.09,'Rouleau de pression 40mm silicone',20,24),
 (106969,'COUTEAU QUART DE LUNE 100MM LEISTER',6,66402138972088,49.58,'Couteau quart de lune',25,33),
 (148923,'SUPPORT POUR OUTILS',6,66402138972088,135.28,'Support pour outils Weldplast S1',15,17),
 (155829,'CISEAUX COUDES',6,66402138972088,8.03,'Ciseaux',20,32),
 (163140,'TIRE MEMBRANE',6,66402138972088,130.41,'Le TIRE MEMBRANE LEISTER permet la manipulation des géo-membranes allant de 1 à 3 mm d''épaisseur.',20,43),
 (145582,'RESISTANCE 230V 2200W',7,66402138972088,117.08,'Résistance 230V /2200W pour GHIBLI AW et UNIDRIVE 500 LEISTER',40,76),
 (109921,'MOTEUR POUR HOTJET S',7,66402138972088,422.82,'Moteur complet pour HOTJET S Leister',35,55),
 (129408,'JOINT POUR TRIAC ST/AT',7,66402138972088,422.82,'Joint thermique pour TRIAC ST et TRIAC AT',35,62),
 (114785,'CHARBONS TRIAC S/ST/AT/GHIBLI/FUSION2',7,66402138972088,13.48,'Paire de charbons pour TRIAC S TRIAC ST TRIAC AT GHIBLI et FUSION 2 LEISTER',25,34),
 (163930,'ROULEAU ENTRAINEMENT 15MM UNIDRIVE500',7,66402138972088,112.36,'Rouleau d''entrainement en acier 15mm pour UNIDRIVE500 LEISTER',40,44),
 (159905,'COURROIE DE PRESSION',7,66402138972088,14.71,'Courroie de pression pour UNIDRIVE 500 Leister',30,59);

INSERT INTO COMMANDE VALUES 
 (910281,'11/02/2023','14/02/2023','15/02/2023',102.29,4,38801692909852),
 (912807,'26/02/2023','28/02/2023','04/03/2023',47.54,4,20105160626998),
 (915031,'01/03/2023','02/03/2023','06/03/2023',39.65,4,12248324892868),
 (916593,'15/03/2023','15/03/2023','17/03/2023',63.87,4,41360619453004),
 (923752,'09/04/2023',NULL,NULL,31.76,2,46452349000446),
 (925358,'20/04/2023','22/04/2023','26/04/2023',98.16,4,94299109644002),
 (935557,'10/05/2023',NULL,NULL,34.25,2,26415004891403),
 (941402,'29/05/2023','30/05/2023','30/05/2023',42.64,4,29154564608903),
 (964125,'04/06/2023',NULL,NULL,3.16,2,50793026996044),
 (999088,'01/07/2023','02/07/2023',NULL,21.78,3,34995114965389),
 (905022,'06/07/2023','06/07/2023',NULL,59.35,3,44008583531294),
 (907797,'12/07/2023','13/07/2023',NULL,25.34,3,29154564608903),
 (974710,'14/07/2023',NULL,NULL,63.43,1,74348584015349),
 (982521,'17/07/2023',NULL,NULL,42.38,1,78824156430768),
 (993158,'18/07/2023',NULL,NULL,86.94,1,12248324892868),
 (953895,'21/07/2023',NULL,'',27.06,0,52919383695720),
 (965841,'26/07/2023',NULL,NULL,51.4,0,20105160626998),
 (971660,'31/07/2023',NULL,NULL,39.73,0,54816316726678);

INSERT INTO LIGNE__COMMANDE VALUES 
 (964125,106969,1),
 (999088,145582,2),
 (999088,119056,4),
 (907797,130698,3),
 (907797,160170,2),
 (953895,109921,1),
 (923752,101282,1),
 (923752,114785,4),
 (935557,101716,1),
 (915031,120882,3),
 (971660,130698,1),
 (971660,160172,1),
 (971660,120882,1),
 (982521,150720,1),
 (982521,164048,1),
 (941402,148923,1),
 (941402,163930,1),
 (941402,124306,1),
 (912807,150720,1),
 (912807,174048,5),
 (912807,124306,1),
 (965841,140467,1),
 (905022,159905,6),
 (905022,150245,1),
 (974710,142609,1),
 (974710,163140,1),
 (916593,163144,1),
 (993158,157862,1),
 (993158,154330,1),
 (925358,111032,1),
 (925358,161540,1),
 (910281,164214,1),
 (910281,170562,1),
 (910281,164549,1),
 (910281,125666,1);

INSERT INTO FACTURE VALUES 
 (1653,'11/02/2023',38801692909852),
 (4109,'26/02/2023',20105160626998),
 (4626,'01/03/2023',12248324892868),
 (4989,'15/03/2023',41360619453004),
 (6487,'20/04/2023',94299109644002),
 (6544,'29/05/2023',29154564608903),
 (8818,'01/07/2023',34995114965389),
 (8856,'06/07/2023',44008583531294),
 (9973,'12/07/2023',29154564608903);